Wejscie;Avg;Max;Min;
1.00;1.00;1.00;1.00;
1.00;1.00;1.00;1.00;
1.00;1.00;1.00;1.00;
1.00;1.00;1.00;1.00;
0.99;1.00;1.00;0.99;
0.99;1.00;1.00;0.99;
0.99;1.00;1.00;0.99;
0.99;0.99;1.00;0.99;
0.99;0.99;1.00;0.99;
0.99;0.99;1.00;0.99;
0.98;0.99;1.00;0.98;
0.98;0.99;1.00;0.98;
0.98;0.99;1.00;0.98;
0.98;0.99;1.00;0.98;
0.98;0.99;1.00;0.98;
0.98;0.99;1.00;0.98;
0.97;0.99;1.00;0.97;
0.97;0.99;1.00;0.97;
0.97;0.99;1.00;0.97;
0.97;0.98;1.00;0.97;
0.97;0.98;1.00;0.97;
0.96;0.98;1.00;0.96;
0.96;0.98;1.00;0.96;
0.96;0.98;1.00;0.96;
0.96;0.98;1.00;0.96;
0.96;0.98;1.00;0.96;
0.96;0.98;1.00;0.96;
0.95;0.98;1.00;0.95;
0.95;0.98;1.00;0.95;
0.95;0.98;1.00;0.95;
0.95;0.98;1.00;0.95;
0.95;0.97;1.00;0.95;
0.95;0.97;1.00;0.95;
0.94;0.97;1.00;0.94;
0.94;0.97;1.00;0.94;
0.94;0.97;1.00;0.94;
0.94;0.97;1.00;0.94;
0.94;0.97;1.00;0.94;
0.94;0.97;1.00;0.94;
0.94;0.97;1.00;0.94;
0.93;0.97;1.00;0.93;
0.93;0.97;1.00;0.93;
0.93;0.96;1.00;0.93;
0.93;0.96;1.00;0.93;
0.93;0.96;1.00;0.93;
0.93;0.96;1.00;0.93;
0.92;0.96;1.00;0.92;
0.92;0.96;1.00;0.92;
0.92;0.96;1.00;0.92;
0.92;0.96;1.00;0.92;
0.92;0.96;1.00;0.92;
0.92;0.96;1.00;0.92;
0.91;0.96;1.00;0.91;
0.91;0.96;1.00;0.91;
0.91;0.95;1.00;0.91;
0.91;0.95;1.00;0.91;
0.91;0.95;1.00;0.91;
0.90;0.95;1.00;0.90;
0.90;0.95;1.00;0.90;
0.90;0.95;1.00;0.90;
0.90;0.95;1.00;0.90;
0.90;0.95;1.00;0.90;
0.90;0.95;1.00;0.90;
0.89;0.95;1.00;0.89;
0.89;0.95;1.00;0.89;
0.89;0.95;1.00;0.89;
0.89;0.94;1.00;0.89;
0.89;0.94;1.00;0.89;
0.89;0.94;1.00;0.89;
0.88;0.94;1.00;0.88;
0.88;0.94;1.00;0.88;
0.88;0.94;1.00;0.88;
0.88;0.94;1.00;0.88;
0.88;0.94;1.00;0.88;
0.88;0.94;1.00;0.88;
0.88;0.94;1.00;0.88;
0.87;0.94;1.00;0.87;
0.87;0.94;1.00;0.87;
0.87;0.94;1.00;0.87;
0.87;0.93;1.00;0.87;
0.87;0.93;1.00;0.87;
0.87;0.93;1.00;0.87;
0.86;0.93;1.00;0.86;
0.86;0.93;1.00;0.86;
0.86;0.93;1.00;0.86;
0.86;0.93;1.00;0.86;
0.86;0.93;1.00;0.86;
0.86;0.93;1.00;0.86;
0.85;0.93;1.00;0.85;
0.85;0.93;1.00;0.85;
0.85;0.93;1.00;0.85;
0.85;0.92;1.00;0.85;
0.85;0.92;1.00;0.85;
0.85;0.92;1.00;0.85;
0.84;0.92;1.00;0.84;
0.84;0.92;1.00;0.84;
0.84;0.92;1.00;0.84;
0.84;0.92;1.00;0.84;
0.84;0.92;1.00;0.84;
0.83;0.92;1.00;0.83;
0.83;0.92;1.00;0.83;
0.83;0.92;1.00;0.83;
0.83;0.92;1.00;0.83;
0.83;0.91;1.00;0.83;
0.83;0.91;1.00;0.83;
0.82;0.91;1.00;0.82;
0.82;0.91;1.00;0.82;
0.82;0.91;1.00;0.82;
0.82;0.91;1.00;0.82;
0.82;0.91;1.00;0.82;
0.82;0.91;1.00;0.82;
0.81;0.91;1.00;0.81;
0.81;0.91;1.00;0.81;
0.81;0.91;1.00;0.81;
0.81;0.90;1.00;0.81;
0.81;0.90;1.00;0.81;
0.81;0.90;1.00;0.81;
0.81;0.90;1.00;0.81;
0.80;0.90;1.00;0.80;
0.80;0.90;1.00;0.80;
0.80;0.90;1.00;0.80;
0.80;0.90;1.00;0.80;
0.80;0.90;1.00;0.80;
0.80;0.90;1.00;0.80;
0.79;0.90;1.00;0.79;
0.79;0.90;1.00;0.79;
0.79;0.89;1.00;0.79;
0.79;0.89;1.00;0.79;
0.79;0.89;1.00;0.79;
0.79;0.89;1.00;0.79;
0.78;0.89;1.00;0.78;
0.78;0.89;1.00;0.78;
0.78;0.89;1.00;0.78;
0.78;0.89;1.00;0.78;
0.78;0.89;1.00;0.78;
0.77;0.89;1.00;0.77;
0.77;0.89;1.00;0.77;
0.77;0.89;1.00;0.77;
0.77;0.88;1.00;0.77;
0.77;0.88;1.00;0.77;
0.77;0.88;1.00;0.77;
0.76;0.88;1.00;0.76;
0.76;0.88;1.00;0.76;
0.76;0.88;1.00;0.76;
0.76;0.88;1.00;0.76;
0.76;0.88;1.00;0.76;
0.76;0.88;1.00;0.76;
0.75;0.88;1.00;0.75;
0.75;0.88;1.00;0.75;
0.75;0.88;1.00;0.75;
0.75;0.88;1.00;0.75;
0.75;0.87;1.00;0.75;
0.75;0.87;1.00;0.75;
0.75;0.87;1.00;0.75;
0.74;0.87;1.00;0.74;
0.74;0.87;1.00;0.74;
0.74;0.87;1.00;0.74;
0.74;0.87;1.00;0.74;
0.74;0.87;1.00;0.74;
0.74;0.87;1.00;0.74;
0.73;0.87;1.00;0.73;
0.73;0.87;1.00;0.73;
0.73;0.87;1.00;0.73;
0.73;0.86;1.00;0.73;
0.73;0.86;1.00;0.73;
0.73;0.86;1.00;0.73;
0.72;0.86;1.00;0.72;
0.72;0.86;1.00;0.72;
0.72;0.86;1.00;0.72;
0.72;0.86;1.00;0.72;
0.72;0.86;1.00;0.72;
0.71;0.86;1.00;0.71;
0.71;0.86;1.00;0.71;
0.71;0.86;1.00;0.71;
0.71;0.86;1.00;0.71;
0.71;0.85;1.00;0.71;
0.71;0.85;1.00;0.71;
0.70;0.85;1.00;0.70;
0.70;0.85;1.00;0.70;
0.70;0.85;1.00;0.70;
0.70;0.85;1.00;0.70;
0.70;0.85;1.00;0.70;
0.70;0.85;1.00;0.70;
0.69;0.85;1.00;0.69;
0.69;0.85;1.00;0.69;
0.69;0.85;1.00;0.69;
0.69;0.85;1.00;0.69;
0.69;0.84;1.00;0.69;
0.69;0.84;1.00;0.69;
0.69;0.84;1.00;0.69;
0.68;0.84;1.00;0.68;
0.68;0.84;1.00;0.68;
0.68;0.84;1.00;0.68;
0.68;0.84;1.00;0.68;
0.68;0.84;1.00;0.68;
0.68;0.84;1.00;0.68;
0.67;0.84;1.00;0.67;
0.67;0.84;1.00;0.67;
0.67;0.83;1.00;0.67;
0.67;0.83;1.00;0.67;
0.67;0.83;1.00;0.67;
0.67;0.83;1.00;0.67;
0.66;0.83;1.00;0.66;
0.66;0.83;1.00;0.66;
0.66;0.83;1.00;0.66;
0.66;0.83;1.00;0.66;
0.66;0.83;1.00;0.66;
0.65;0.83;1.00;0.65;
0.65;0.83;1.00;0.65;
0.65;0.83;1.00;0.65;
0.65;0.82;1.00;0.65;
0.65;0.82;1.00;0.65;
0.65;0.82;1.00;0.65;
0.64;0.82;1.00;0.64;
0.64;0.82;1.00;0.64;
0.64;0.82;1.00;0.64;
0.64;0.82;1.00;0.64;
0.64;0.82;1.00;0.64;
0.64;0.82;1.00;0.64;
0.63;0.82;1.00;0.63;
0.63;0.82;1.00;0.63;
0.63;0.82;1.00;0.63;
0.63;0.81;1.00;0.63;
0.63;0.81;1.00;0.63;
0.63;0.81;1.00;0.63;
0.62;0.81;1.00;0.62;
0.62;0.81;1.00;0.62;
0.62;0.81;1.00;0.62;
0.62;0.81;1.00;0.62;
0.62;0.81;1.00;0.62;
0.62;0.81;1.00;0.62;
0.62;0.81;1.00;0.62;
0.61;0.81;1.00;0.61;
0.61;0.81;1.00;0.61;
0.61;0.81;1.00;0.61;
0.61;0.80;1.00;0.61;
0.61;0.80;1.00;0.61;
0.61;0.80;1.00;0.61;
0.60;0.80;1.00;0.60;
0.60;0.80;1.00;0.60;
0.60;0.80;1.00;0.60;
0.60;0.80;1.00;0.60;
0.60;0.80;1.00;0.60;
0.60;0.80;1.00;0.60;
0.59;0.80;1.00;0.59;
0.59;0.80;1.00;0.59;
0.59;0.80;1.00;0.59;
0.59;0.79;1.00;0.59;
0.59;0.79;1.00;0.59;
0.58;0.79;1.00;0.58;
0.58;0.79;1.00;0.58;
0.58;0.79;1.00;0.58;
0.58;0.79;1.00;0.58;
0.58;0.79;1.00;0.58;
0.58;0.79;1.00;0.58;
0.57;0.79;1.00;0.57;
0.57;0.79;1.00;0.57;
0.57;0.79;1.00;0.57;
0.57;0.79;1.00;0.57;
0.57;0.78;1.00;0.57;
0.57;0.78;1.00;0.57;
0.56;0.78;1.00;0.56;
0.56;0.78;1.00;0.56;
0.56;0.78;1.00;0.56;
0.56;0.78;1.00;0.56;
0.56;0.78;1.00;0.56;
0.56;0.78;1.00;0.56;
0.56;0.78;1.00;0.56;
0.55;0.78;1.00;0.55;
0.55;0.78;1.00;0.55;
0.55;0.77;1.00;0.55;
0.55;0.77;1.00;0.55;
0.55;0.77;1.00;0.55;
0.55;0.77;1.00;0.55;
0.54;0.77;1.00;0.54;
0.54;0.77;1.00;0.54;
0.54;0.77;1.00;0.54;
0.54;0.77;1.00;0.54;
0.54;0.77;1.00;0.54;
0.54;0.77;1.00;0.54;
0.53;0.77;1.00;0.53;
0.53;0.77;1.00;0.53;
0.53;0.76;1.00;0.53;
0.53;0.76;1.00;0.53;
0.53;0.76;1.00;0.53;
0.52;0.76;1.00;0.52;
0.52;0.76;1.00;0.52;
0.52;0.76;1.00;0.52;
0.52;0.76;1.00;0.52;
0.52;0.76;1.00;0.52;
0.52;0.76;1.00;0.52;
0.51;0.76;1.00;0.51;
0.51;0.76;1.00;0.51;
0.51;0.76;1.00;0.51;
0.51;0.75;1.00;0.51;
0.51;0.75;1.00;0.51;
0.51;0.75;1.00;0.51;
0.50;0.75;1.00;0.50;
0.50;0.75;1.00;0.50;
0.50;0.75;1.00;0.50;
0.50;0.75;1.00;0.50;
0.50;0.75;1.00;0.50;
0.50;0.75;1.00;0.50;
0.50;0.75;1.00;0.50;
0.49;0.75;1.00;0.49;
0.49;0.75;1.00;0.49;
0.49;0.75;1.00;0.49;
0.49;0.74;1.00;0.49;
0.49;0.74;1.00;0.49;
0.49;0.74;1.00;0.49;
0.48;0.74;1.00;0.48;
0.48;0.74;1.00;0.48;
0.48;0.74;1.00;0.48;
0.48;0.74;1.00;0.48;
0.48;0.74;1.00;0.48;
0.47;0.74;1.00;0.47;
0.47;0.74;1.00;0.47;
0.47;0.74;1.00;0.47;
0.47;0.74;1.00;0.47;
0.47;0.73;1.00;0.47;
0.47;0.73;1.00;0.47;
0.47;0.73;1.00;0.47;
0.46;0.73;1.00;0.46;
0.46;0.73;1.00;0.46;
0.46;0.73;1.00;0.46;
0.46;0.73;1.00;0.46;
0.46;0.73;1.00;0.46;
0.46;0.73;1.00;0.46;
0.45;0.73;1.00;0.45;
0.45;0.73;1.00;0.45;
0.45;0.73;1.00;0.45;
0.45;0.72;1.00;0.45;
0.45;0.72;1.00;0.45;
0.44;0.72;1.00;0.44;
0.44;0.72;1.00;0.44;
0.44;0.72;1.00;0.44;
0.44;0.72;1.00;0.44;
0.44;0.72;1.00;0.44;
0.44;0.72;1.00;0.44;
0.44;0.72;1.00;0.44;
0.43;0.72;1.00;0.43;
0.43;0.72;1.00;0.43;
0.43;0.71;1.00;0.43;
0.43;0.71;1.00;0.43;
0.43;0.71;1.00;0.43;
0.43;0.71;1.00;0.43;
0.42;0.71;1.00;0.42;
0.42;0.71;1.00;0.42;
0.42;0.71;1.00;0.42;
0.42;0.71;1.00;0.42;
0.42;0.71;1.00;0.42;
0.41;0.71;1.00;0.41;
0.41;0.71;1.00;0.41;
0.41;0.71;1.00;0.41;
0.41;0.70;1.00;0.41;
0.41;0.70;1.00;0.41;
0.41;0.70;1.00;0.41;
0.41;0.70;1.00;0.41;
0.40;0.70;1.00;0.40;
0.40;0.70;1.00;0.40;
0.40;0.70;1.00;0.40;
0.40;0.70;1.00;0.40;
0.40;0.70;1.00;0.40;
0.40;0.70;1.00;0.40;
0.39;0.70;1.00;0.39;
0.39;0.70;1.00;0.39;
0.39;0.69;1.00;0.39;
0.39;0.69;1.00;0.39;
0.39;0.69;1.00;0.39;
0.38;0.69;1.00;0.38;
0.38;0.69;1.00;0.38;
0.38;0.69;1.00;0.38;
0.38;0.69;1.00;0.38;
0.38;0.69;1.00;0.38;
0.38;0.69;1.00;0.38;
0.38;0.69;1.00;0.38;
0.37;0.69;1.00;0.37;
0.37;0.69;1.00;0.37;
0.37;0.69;1.00;0.37;
0.37;0.68;1.00;0.37;
0.37;0.68;1.00;0.37;
0.37;0.68;1.00;0.37;
0.36;0.68;1.00;0.36;
0.36;0.68;1.00;0.36;
0.36;0.68;1.00;0.36;
0.36;0.68;1.00;0.36;
0.36;0.68;1.00;0.36;
0.35;0.68;1.00;0.35;
0.35;0.68;1.00;0.35;
0.35;0.68;1.00;0.35;
0.35;0.68;1.00;0.35;
0.35;0.67;1.00;0.35;
0.35;0.67;1.00;0.35;
0.34;0.67;1.00;0.34;
0.34;0.67;1.00;0.34;
0.34;0.67;1.00;0.34;
0.34;0.67;1.00;0.34;
0.34;0.67;1.00;0.34;
0.34;0.67;1.00;0.34;
0.34;0.67;1.00;0.34;
0.33;0.67;1.00;0.33;
0.33;0.67;1.00;0.33;
0.33;0.67;1.00;0.33;
0.33;0.66;1.00;0.33;
0.33;0.66;1.00;0.33;
0.32;0.66;1.00;0.32;
0.32;0.66;1.00;0.32;
0.32;0.66;1.00;0.32;
0.32;0.66;1.00;0.32;
0.32;0.66;1.00;0.32;
0.32;0.66;1.00;0.32;
0.31;0.66;1.00;0.31;
0.31;0.66;1.00;0.31;
0.31;0.66;1.00;0.31;
0.31;0.65;1.00;0.31;
0.31;0.65;1.00;0.31;
0.31;0.65;1.00;0.31;
0.31;0.65;1.00;0.31;
0.30;0.65;1.00;0.30;
0.30;0.65;1.00;0.30;
0.30;0.65;1.00;0.30;
0.30;0.65;1.00;0.30;
0.30;0.65;1.00;0.30;
0.29;0.65;1.00;0.29;
0.29;0.65;1.00;0.29;
0.29;0.65;1.00;0.29;
0.29;0.64;1.00;0.29;
0.29;0.64;1.00;0.29;
0.29;0.64;1.00;0.29;
0.28;0.64;1.00;0.28;
0.28;0.64;1.00;0.28;
0.28;0.64;1.00;0.28;
0.28;0.64;1.00;0.28;
0.28;0.64;1.00;0.28;
0.28;0.64;1.00;0.28;
0.28;0.64;1.00;0.28;
0.27;0.64;1.00;0.27;
0.27;0.64;1.00;0.27;
0.27;0.63;1.00;0.27;
0.27;0.63;1.00;0.27;
0.27;0.63;1.00;0.27;
0.26;0.63;1.00;0.26;
0.26;0.63;1.00;0.26;
0.26;0.63;1.00;0.26;
0.26;0.63;1.00;0.26;
0.26;0.63;1.00;0.26;
0.26;0.63;1.00;0.26;
0.25;0.63;1.00;0.25;
0.25;0.63;1.00;0.25;
0.25;0.63;1.00;0.25;
0.25;0.62;1.00;0.25;
0.25;0.62;1.00;0.25;
0.25;0.62;1.00;0.25;
0.25;0.62;1.00;0.25;
0.24;0.62;1.00;0.24;
0.24;0.62;1.00;0.24;
0.24;0.62;1.00;0.24;
0.24;0.62;1.00;0.24;
0.24;0.62;1.00;0.24;
0.23;0.62;1.00;0.23;
0.23;0.62;1.00;0.23;
0.23;0.62;1.00;0.23;
0.23;0.62;1.00;0.23;
0.23;0.61;1.00;0.23;
0.23;0.61;1.00;0.23;
0.22;0.61;1.00;0.22;
0.22;0.61;1.00;0.22;
0.22;0.61;1.00;0.22;
0.22;0.61;1.00;0.22;
0.22;0.61;1.00;0.22;
0.22;0.61;1.00;0.22;
0.22;0.61;1.00;0.22;
0.21;0.61;1.00;0.21;
0.21;0.61;1.00;0.21;
0.21;0.61;1.00;0.21;
0.21;0.60;1.00;0.21;
0.21;0.60;1.00;0.21;
0.20;0.60;1.00;0.20;
0.20;0.60;1.00;0.20;
0.20;0.60;1.00;0.20;
0.20;0.60;1.00;0.20;
0.20;0.60;1.00;0.20;
0.20;0.60;1.00;0.20;
0.19;0.60;1.00;0.19;
0.19;0.60;1.00;0.19;
0.19;0.60;1.00;0.19;
0.19;0.60;1.00;0.19;
0.19;0.59;1.00;0.19;
0.19;0.59;1.00;0.19;
0.19;0.59;1.00;0.19;
0.18;0.59;1.00;0.18;
0.18;0.59;1.00;0.18;
0.18;0.59;1.00;0.18;
0.18;0.59;1.00;0.18;
0.18;0.59;1.00;0.18;
0.17;0.59;1.00;0.17;
0.17;0.59;1.00;0.17;
0.17;0.59;1.00;0.17;
0.17;0.58;1.00;0.17;
0.17;0.58;1.00;0.17;
0.17;0.58;1.00;0.17;
0.17;0.58;1.00;0.17;
0.16;0.58;1.00;0.16;
0.16;0.58;0.99;0.16;
0.16;0.58;0.99;0.16;
0.16;0.57;0.99;0.16;
0.16;0.57;0.99;0.16;
0.16;0.57;0.99;0.16;
0.15;0.57;0.99;0.15;
0.15;0.57;0.98;0.15;
0.15;0.57;0.98;0.15;
0.15;0.56;0.98;0.15;
0.15;0.56;0.98;0.15;
0.14;0.56;0.98;0.14;
0.14;0.56;0.98;0.14;
0.14;0.56;0.97;0.14;
0.14;0.56;0.97;0.14;
0.14;0.55;0.97;0.14;
0.14;0.55;0.97;0.14;
0.14;0.55;0.97;0.14;
0.13;0.55;0.96;0.13;
0.13;0.55;0.96;0.13;
0.13;0.55;0.96;0.13;
0.13;0.54;0.96;0.13;
0.13;0.54;0.96;0.13;
0.12;0.54;0.96;0.12;
0.12;0.54;0.95;0.12;
0.12;0.54;0.95;0.12;
0.12;0.54;0.95;0.12;
0.12;0.53;0.95;0.12;
0.12;0.53;0.95;0.12;
0.12;0.53;0.95;0.12;
0.11;0.53;0.94;0.11;
0.11;0.53;0.94;0.11;
0.11;0.53;0.94;0.11;
0.11;0.52;0.94;0.11;
0.11;0.52;0.94;0.11;
0.10;0.52;0.94;0.10;
0.10;0.52;0.94;0.10;
0.10;0.52;0.93;0.10;
0.10;0.52;0.93;0.10;
0.10;0.51;0.93;0.10;
0.10;0.51;0.93;0.10;
0.09;0.51;0.93;0.09;
0.09;0.51;0.93;0.09;
0.09;0.51;0.92;0.09;
0.09;0.51;0.92;0.09;
0.09;0.50;0.92;0.09;
0.09;0.50;0.92;0.09;
0.09;0.50;0.92;0.09;
0.08;0.50;0.92;0.08;
0.08;0.50;0.91;0.08;
0.08;0.50;0.91;0.08;
0.08;0.49;0.91;0.08;
0.08;0.49;0.91;0.08;
0.08;0.49;0.91;0.08;
0.07;0.49;0.90;0.07;
0.07;0.49;0.90;0.07;
0.07;0.49;0.90;0.07;
0.07;0.48;0.90;0.07;
0.07;0.48;0.90;0.07;
0.06;0.48;0.90;0.06;
0.06;0.48;0.89;0.06;
0.06;0.48;0.89;0.06;
0.06;0.48;0.89;0.06;
0.06;0.47;0.89;0.06;
0.06;0.47;0.89;0.06;
0.05;0.47;0.89;0.05;
0.05;0.47;0.88;0.05;
0.05;0.47;0.88;0.05;
0.05;0.47;0.88;0.05;
0.05;0.46;0.88;0.05;
0.05;0.46;0.88;0.05;
0.05;0.46;0.88;0.05;
0.04;0.46;0.88;0.04;
0.04;0.46;0.87;0.04;
0.04;0.46;0.87;0.04;
0.04;0.45;0.87;0.04;
0.04;0.45;0.87;0.04;
0.04;0.45;0.87;0.04;
0.03;0.45;0.87;0.03;
0.03;0.45;0.86;0.03;
0.03;0.45;0.86;0.03;
0.03;0.44;0.86;0.03;
0.03;0.44;0.86;0.03;
0.03;0.44;0.86;0.03;
0.02;0.44;0.86;0.02;
0.02;0.44;0.85;0.02;
0.02;0.44;0.85;0.02;
0.02;0.43;0.85;0.02;
0.02;0.43;0.85;0.02;
0.01;0.43;0.85;0.01;
0.01;0.43;0.85;0.01;
0.01;0.43;0.84;0.01;
0.01;0.43;0.84;0.01;
0.01;0.42;0.84;0.01;
0.01;0.42;0.84;0.01;
0.00;0.42;0.84;0.00;
0.00;0.42;0.83;0.00;
0.00;0.42;0.83;0.00;
0.00;0.42;0.83;0.00;
0.00;0.41;0.83;0.00;
0.00;0.41;0.83;0.00;
0.00;0.41;0.83;0.00;
0.01;0.41;0.82;0.00;
0.01;0.41;0.82;0.00;
0.01;0.41;0.82;0.00;
0.01;0.40;0.82;0.00;
0.01;0.40;0.82;0.00;
0.01;0.40;0.82;0.00;
0.02;0.40;0.81;0.00;
0.02;0.40;0.81;0.00;
0.02;0.40;0.81;0.00;
0.02;0.39;0.81;0.00;
0.02;0.39;0.81;0.00;
0.03;0.39;0.81;0.00;
0.03;0.39;0.81;0.00;
0.03;0.39;0.80;0.00;
0.03;0.39;0.80;0.00;
0.03;0.39;0.80;0.00;
0.03;0.38;0.80;0.00;
0.04;0.38;0.80;0.00;
0.04;0.38;0.80;0.00;
0.04;0.38;0.79;0.00;
0.04;0.38;0.79;0.00;
0.04;0.38;0.79;0.00;
0.04;0.37;0.79;0.00;
0.05;0.37;0.79;0.00;
0.05;0.37;0.79;0.00;
0.05;0.37;0.78;0.00;
0.05;0.37;0.78;0.00;
0.05;0.37;0.78;0.00;
0.05;0.37;0.78;0.00;
0.05;0.36;0.78;0.00;
0.06;0.36;0.77;0.00;
0.06;0.36;0.77;0.00;
0.06;0.36;0.77;0.00;
0.06;0.36;0.77;0.00;
0.06;0.36;0.77;0.00;
0.06;0.36;0.77;0.00;
0.07;0.35;0.76;0.00;
0.07;0.35;0.76;0.00;
0.07;0.35;0.76;0.00;
0.07;0.35;0.76;0.00;
0.07;0.35;0.76;0.00;
0.08;0.35;0.76;0.00;
0.08;0.35;0.75;0.00;
0.08;0.35;0.75;0.00;
0.08;0.34;0.75;0.00;
0.08;0.34;0.75;0.00;
0.08;0.34;0.75;0.00;
0.09;0.34;0.75;0.00;
0.09;0.34;0.75;0.00;
0.09;0.34;0.74;0.00;
0.09;0.34;0.74;0.00;
0.09;0.33;0.74;0.00;
0.09;0.33;0.74;0.00;
0.09;0.33;0.74;0.00;
0.10;0.33;0.74;0.00;
0.10;0.33;0.73;0.00;
0.10;0.33;0.73;0.00;
0.10;0.33;0.73;0.00;
0.10;0.33;0.73;0.00;
0.10;0.32;0.73;0.00;
0.11;0.32;0.73;0.00;
0.11;0.32;0.72;0.00;
0.11;0.32;0.72;0.00;
0.11;0.32;0.72;0.00;
0.11;0.32;0.72;0.00;
0.12;0.32;0.72;0.00;
0.12;0.32;0.71;0.00;
0.12;0.31;0.71;0.00;
0.12;0.31;0.71;0.00;
0.12;0.31;0.71;0.00;
0.12;0.31;0.71;0.00;
0.12;0.31;0.71;0.00;
0.13;0.31;0.70;0.00;
0.13;0.31;0.70;0.00;
0.13;0.31;0.70;0.00;
0.13;0.31;0.70;0.00;
0.13;0.30;0.70;0.00;
0.14;0.30;0.70;0.00;
0.14;0.30;0.69;0.00;
0.14;0.30;0.69;0.00;
0.14;0.30;0.69;0.00;
0.14;0.30;0.69;0.00;
0.14;0.30;0.69;0.00;
0.14;0.30;0.69;0.00;
0.15;0.30;0.69;0.00;
0.15;0.29;0.68;0.00;
0.15;0.29;0.68;0.00;
0.15;0.29;0.68;0.00;
0.15;0.29;0.68;0.00;
0.16;0.29;0.68;0.00;
0.16;0.29;0.68;0.00;
0.16;0.29;0.67;0.00;
0.16;0.29;0.67;0.00;
0.16;0.29;0.67;0.00;
0.16;0.28;0.67;0.00;
0.17;0.28;0.67;0.00;
0.17;0.28;0.67;0.00;
0.17;0.28;0.66;0.00;
0.17;0.28;0.66;0.00;
0.17;0.28;0.66;0.00;
0.17;0.28;0.66;0.00;
0.17;0.28;0.66;0.00;
0.18;0.28;0.65;0.00;
0.18;0.28;0.65;0.00;
0.18;0.28;0.65;0.00;
0.18;0.27;0.65;0.00;
0.18;0.27;0.65;0.00;
0.19;0.27;0.65;0.00;
0.19;0.27;0.64;0.00;
0.19;0.27;0.64;0.00;
0.19;0.27;0.64;0.00;
0.19;0.27;0.64;0.00;
0.19;0.27;0.64;0.00;
0.19;0.27;0.64;0.00;
0.20;0.27;0.63;0.00;
0.20;0.27;0.63;0.00;
0.20;0.26;0.63;0.00;
0.20;0.26;0.63;0.00;
0.20;0.26;0.63;0.00;
0.20;0.26;0.63;0.00;
0.21;0.26;0.62;0.00;
0.21;0.26;0.62;0.00;
0.21;0.26;0.62;0.00;
0.21;0.26;0.62;0.00;
0.21;0.26;0.62;0.00;
0.22;0.26;0.62;0.00;
0.22;0.26;0.62;0.00;
0.22;0.26;0.61;0.00;
0.22;0.25;0.61;0.00;
0.22;0.25;0.61;0.00;
0.22;0.25;0.61;0.00;
0.22;0.25;0.61;0.00;
0.23;0.25;0.61;0.00;
0.23;0.25;0.60;0.00;
0.23;0.25;0.60;0.00;
0.23;0.25;0.60;0.00;
0.23;0.25;0.60;0.00;
0.23;0.25;0.60;0.00;
0.24;0.25;0.60;0.00;
0.24;0.25;0.59;0.00;
0.24;0.25;0.59;0.00;
0.24;0.24;0.59;0.00;
0.24;0.24;0.59;0.00;
0.25;0.24;0.59;0.00;
0.25;0.24;0.58;0.00;
0.25;0.24;0.58;0.00;
0.25;0.24;0.58;0.00;
0.25;0.24;0.58;0.00;
0.25;0.24;0.58;0.00;
0.25;0.24;0.58;0.00;
0.26;0.24;0.57;0.00;
0.26;0.24;0.57;0.00;
0.26;0.24;0.57;0.00;
0.26;0.24;0.57;0.00;
0.26;0.24;0.57;0.00;
0.26;0.24;0.57;0.00;
0.27;0.24;0.56;0.00;
0.27;0.23;0.56;0.00;
0.27;0.23;0.56;0.00;
0.27;0.23;0.56;0.00;
0.27;0.23;0.56;0.00;
0.28;0.23;0.56;0.00;
0.28;0.23;0.56;0.00;
0.28;0.23;0.55;0.00;
0.28;0.23;0.55;0.00;
0.28;0.23;0.55;0.00;
0.28;0.23;0.55;0.00;
0.28;0.23;0.55;0.00;
0.29;0.23;0.55;0.00;
0.29;0.23;0.54;0.00;
0.29;0.23;0.54;0.00;
0.29;0.23;0.54;0.00;
0.29;0.23;0.54;0.00;
0.29;0.23;0.54;0.00;
0.30;0.23;0.54;0.00;
0.30;0.22;0.53;0.00;
0.30;0.22;0.53;0.00;
0.30;0.22;0.53;0.00;
0.30;0.22;0.53;0.00;
0.31;0.22;0.53;0.00;
0.31;0.22;0.52;0.00;
0.31;0.22;0.52;0.00;
0.31;0.22;0.52;0.00;
0.31;0.22;0.52;0.00;
0.31;0.22;0.52;0.00;
0.31;0.22;0.52;0.00;
0.32;0.22;0.51;0.00;
0.32;0.22;0.51;0.00;
0.32;0.22;0.51;0.00;
0.32;0.22;0.51;0.00;
0.32;0.22;0.51;0.00;
0.32;0.22;0.51;0.00;
0.33;0.22;0.50;0.00;
0.33;0.22;0.50;0.00;
0.33;0.22;0.50;0.00;
0.33;0.22;0.50;0.00;
0.33;0.22;0.50;0.00;
0.34;0.22;0.50;0.00;
0.34;0.22;0.50;0.00;
0.34;0.22;0.49;0.00;
0.34;0.22;0.49;0.00;
0.34;0.21;0.49;0.00;
0.34;0.21;0.49;0.00;
0.34;0.21;0.49;0.00;
0.35;0.21;0.49;0.00;
0.35;0.21;0.48;0.00;
0.35;0.21;0.48;0.00;
0.35;0.21;0.48;0.00;
0.35;0.21;0.48;0.00;
0.35;0.21;0.48;0.00;
0.36;0.21;0.47;0.00;
0.36;0.21;0.47;0.00;
0.36;0.21;0.47;0.00;
0.36;0.21;0.47;0.00;
0.36;0.21;0.47;0.00;
0.37;0.21;0.47;0.00;
0.37;0.21;0.47;0.00;
0.37;0.21;0.46;0.00;
0.37;0.21;0.46;0.00;
0.37;0.21;0.46;0.00;
0.37;0.21;0.46;0.00;
0.38;0.21;0.46;0.00;
0.38;0.21;0.46;0.00;
0.38;0.21;0.45;0.00;
0.38;0.21;0.45;0.00;
0.38;0.21;0.45;0.00;
0.38;0.21;0.45;0.00;
0.38;0.21;0.45;0.00;
0.39;0.21;0.44;0.00;
0.39;0.21;0.44;0.00;
0.39;0.21;0.44;0.00;
0.39;0.21;0.44;0.00;
0.39;0.21;0.44;0.00;
0.40;0.21;0.44;0.00;
0.40;0.21;0.44;0.00;
0.40;0.21;0.43;0.00;
0.40;0.21;0.43;0.00;
0.40;0.21;0.43;0.00;
0.40;0.21;0.43;0.00;
0.41;0.21;0.43;0.00;
0.41;0.21;0.43;0.00;
0.41;0.21;0.42;0.00;
0.41;0.21;0.42;0.00;
0.41;0.21;0.42;0.00;
0.41;0.21;0.42;0.00;
0.41;0.21;0.42;0.00;
0.42;0.21;0.42;0.00;
0.42;0.21;0.42;0.00;
0.42;0.21;0.42;0.00;
0.42;0.21;0.42;0.00;
0.42;0.21;0.42;0.00;
0.43;0.21;0.43;0.00;
0.43;0.21;0.43;0.00;
0.43;0.21;0.43;0.00;
0.43;0.21;0.43;0.00;
0.43;0.21;0.43;0.00;
0.43;0.21;0.43;0.00;
0.44;0.21;0.44;0.00;
0.44;0.21;0.44;0.00;
0.44;0.21;0.44;0.00;
0.44;0.21;0.44;0.00;
0.44;0.21;0.44;0.00;
0.44;0.21;0.44;0.00;
0.44;0.21;0.44;0.00;
0.45;0.21;0.45;0.00;
0.45;0.21;0.45;0.00;
0.45;0.21;0.45;0.00;
0.45;0.21;0.45;0.00;
0.45;0.21;0.45;0.00;
0.46;0.21;0.46;0.00;
0.46;0.21;0.46;0.00;
0.46;0.21;0.46;0.00;
0.46;0.21;0.46;0.00;
0.46;0.21;0.46;0.00;
0.46;0.21;0.46;0.00;
0.47;0.21;0.47;0.00;
0.47;0.21;0.47;0.00;
0.47;0.21;0.47;0.00;
0.47;0.21;0.47;0.00;
0.47;0.21;0.47;0.00;
0.47;0.21;0.47;0.00;
0.47;0.21;0.47;0.00;
0.48;0.21;0.48;0.00;
0.48;0.21;0.48;0.00;
0.48;0.21;0.48;0.00;
0.48;0.21;0.48;0.00;
0.48;0.21;0.48;0.00;
0.49;0.21;0.49;0.00;
0.49;0.21;0.49;0.00;
0.49;0.21;0.49;0.00;
0.49;0.21;0.49;0.00;
0.49;0.22;0.49;0.00;
0.49;0.22;0.49;0.00;
0.50;0.22;0.50;0.00;
0.50;0.22;0.50;0.00;
0.50;0.22;0.50;0.00;
0.50;0.22;0.50;0.00;
0.50;0.22;0.50;0.00;
0.50;0.22;0.50;0.00;
0.50;0.22;0.50;0.00;
0.51;0.22;0.51;0.00;
0.51;0.22;0.51;0.00;
0.51;0.22;0.51;0.00;
0.51;0.22;0.51;0.00;
0.51;0.22;0.51;0.00;
0.51;0.22;0.51;0.00;
0.52;0.22;0.52;0.00;
0.52;0.22;0.52;0.00;
0.52;0.22;0.52;0.00;
0.52;0.22;0.52;0.00;
0.52;0.22;0.52;0.00;
0.52;0.22;0.52;0.00;
0.53;0.22;0.53;0.00;
0.53;0.22;0.53;0.00;
0.53;0.22;0.53;0.00;
0.53;0.22;0.53;0.00;
0.53;0.22;0.53;0.00;
0.54;0.23;0.54;0.00;
0.54;0.23;0.54;0.00;
0.54;0.23;0.54;0.00;
0.54;0.23;0.54;0.00;
0.54;0.23;0.54;0.00;
0.54;0.23;0.54;0.00;
0.55;0.23;0.55;0.00;
0.55;0.23;0.55;0.00;
0.55;0.23;0.55;0.00;
0.55;0.23;0.55;0.00;
0.55;0.23;0.55;0.00;
0.55;0.23;0.55;0.00;
0.56;0.23;0.56;0.00;
0.56;0.23;0.56;0.00;
0.56;0.23;0.56;0.00;
0.56;0.23;0.56;0.00;
0.56;0.23;0.56;0.00;
0.56;0.23;0.56;0.00;
0.56;0.24;0.56;0.00;
0.57;0.24;0.57;0.00;
0.57;0.24;0.57;0.00;
0.57;0.24;0.57;0.00;
0.57;0.24;0.57;0.00;
0.57;0.24;0.57;0.00;
0.57;0.24;0.57;0.00;
0.58;0.24;0.58;0.00;
0.58;0.24;0.58;0.00;
0.58;0.24;0.58;0.00;
0.58;0.24;0.58;0.00;
0.58;0.24;0.58;0.00;
0.58;0.24;0.58;0.00;
0.59;0.24;0.59;0.00;
0.59;0.24;0.59;0.00;
0.59;0.24;0.59;0.00;
0.59;0.25;0.59;0.00;
0.59;0.25;0.59;0.00;
0.60;0.25;0.60;0.00;
0.60;0.25;0.60;0.00;
0.60;0.25;0.60;0.00;
0.60;0.25;0.60;0.00;
0.60;0.25;0.60;0.00;
0.60;0.25;0.60;0.00;
0.61;0.25;0.61;0.00;
0.61;0.25;0.61;0.00;
0.61;0.25;0.61;0.00;
0.61;0.25;0.61;0.00;
0.61;0.25;0.61;0.00;
0.61;0.26;0.61;0.00;
0.62;0.26;0.62;0.00;
0.62;0.26;0.62;0.00;
0.62;0.26;0.62;0.00;
0.62;0.26;0.62;0.00;
0.62;0.26;0.62;0.00;
0.62;0.26;0.62;0.00;
0.62;0.26;0.62;0.00;
0.63;0.26;0.63;0.00;
0.63;0.26;0.63;0.00;
0.63;0.26;0.63;0.00;
0.63;0.26;0.63;0.00;
0.63;0.27;0.63;0.00;
0.63;0.27;0.63;0.00;
0.64;0.27;0.64;0.00;
0.64;0.27;0.64;0.00;
0.64;0.27;0.64;0.00;
0.64;0.27;0.64;0.00;
0.64;0.27;0.64;0.00;
0.64;0.27;0.64;0.00;
0.65;0.27;0.65;0.00;
0.65;0.27;0.65;0.00;
0.65;0.27;0.65;0.00;
0.65;0.28;0.65;0.00;
0.65;0.28;0.65;0.00;
0.65;0.28;0.65;0.00;
0.66;0.28;0.66;0.00;
0.66;0.28;0.66;0.00;
0.66;0.28;0.66;0.00;
0.66;0.28;0.66;0.00;
0.66;0.28;0.66;0.00;
0.67;0.28;0.67;0.00;
0.67;0.28;0.67;0.00;
0.67;0.28;0.67;0.00;
0.67;0.29;0.67;0.00;
0.67;0.29;0.67;0.00;
0.67;0.29;0.67;0.00;
0.68;0.29;0.68;0.00;
0.68;0.29;0.68;0.00;
0.68;0.29;0.68;0.00;
0.68;0.29;0.68;0.00;
0.68;0.29;0.68;0.00;
0.68;0.29;0.68;0.00;
0.69;0.30;0.69;0.00;
0.69;0.30;0.69;0.00;
0.69;0.30;0.69;0.00;
0.69;0.30;0.69;0.00;
0.69;0.30;0.69;0.00;
0.69;0.30;0.69;0.00;
0.69;0.30;0.69;0.00;
0.70;0.30;0.70;0.00;
0.70;0.30;0.70;0.00;
0.70;0.31;0.70;0.00;
0.70;0.31;0.70;0.00;
0.70;0.31;0.70;0.00;
0.70;0.31;0.70;0.00;
0.71;0.31;0.71;0.00;
0.71;0.31;0.71;0.00;
0.71;0.31;0.71;0.00;
0.71;0.31;0.71;0.00;
0.71;0.31;0.71;0.00;
0.71;0.32;0.71;0.00;
0.72;0.32;0.72;0.00;
0.72;0.32;0.72;0.00;
0.72;0.32;0.72;0.00;
0.72;0.32;0.72;0.00;
0.72;0.32;0.72;0.00;
0.73;0.32;0.73;0.00;
0.73;0.32;0.73;0.00;
0.73;0.33;0.73;0.00;
0.73;0.33;0.73;0.00;
0.73;0.33;0.73;0.00;
0.73;0.33;0.73;0.00;
0.74;0.33;0.74;0.00;
0.74;0.33;0.74;0.00;
0.74;0.33;0.74;0.00;
0.74;0.33;0.74;0.00;
0.74;0.34;0.74;0.00;
0.74;0.34;0.74;0.00;
0.75;0.34;0.75;0.00;
0.75;0.34;0.75;0.00;
0.75;0.34;0.75;0.00;
0.75;0.34;0.75;0.00;
0.75;0.34;0.75;0.00;
0.75;0.35;0.75;0.00;
0.75;0.35;0.75;0.00;
0.76;0.35;0.76;0.00;
0.76;0.35;0.76;0.00;
0.76;0.35;0.76;0.00;
0.76;0.35;0.76;0.00;
0.76;0.35;0.76;0.00;
0.76;0.35;0.76;0.00;
0.77;0.36;0.77;0.00;
0.77;0.36;0.77;0.00;
0.77;0.36;0.77;0.00;
0.77;0.36;0.77;0.00;
0.77;0.36;0.77;0.00;
0.77;0.36;0.77;0.00;
0.78;0.36;0.78;0.00;
0.78;0.37;0.78;0.00;
0.78;0.37;0.78;0.00;
0.78;0.37;0.78;0.00;
0.78;0.37;0.78;0.00;
0.79;0.37;0.79;0.00;
0.79;0.37;0.79;0.00;
0.79;0.37;0.79;0.00;
0.79;0.38;0.79;0.00;
0.79;0.38;0.79;0.00;
0.79;0.38;0.79;0.00;
0.80;0.38;0.80;0.00;
0.80;0.38;0.80;0.00;
0.80;0.38;0.80;0.00;
0.80;0.39;0.80;0.00;
0.80;0.39;0.80;0.00;
0.80;0.39;0.80;0.00;
0.81;0.39;0.81;0.00;
0.81;0.39;0.81;0.00;
0.81;0.39;0.81;0.00;
0.81;0.39;0.81;0.00;
0.81;0.40;0.81;0.00;
0.81;0.40;0.81;0.00;
0.81;0.40;0.81;0.00;
0.82;0.40;0.82;0.00;
0.82;0.40;0.82;0.00;
0.82;0.40;0.82;0.00;
0.82;0.41;0.82;0.00;
0.82;0.41;0.82;0.00;
0.82;0.41;0.82;0.00;
0.83;0.41;0.83;0.00;
0.83;0.41;0.83;0.00;
0.83;0.41;0.83;0.00;
0.83;0.42;0.83;0.00;
0.83;0.42;0.83;0.00;
0.83;0.42;0.83;0.00;
0.84;0.42;0.84;0.00;
0.84;0.42;0.84;0.01;
0.84;0.42;0.84;0.01;
0.84;0.43;0.84;0.01;
0.84;0.43;0.84;0.01;
0.85;0.43;0.85;0.01;
0.85;0.43;0.85;0.01;
0.85;0.43;0.85;0.02;
0.85;0.43;0.85;0.02;
0.85;0.44;0.85;0.02;
0.85;0.44;0.85;0.02;
0.86;0.44;0.86;0.02;
0.86;0.44;0.86;0.03;
0.86;0.44;0.86;0.03;
0.86;0.44;0.86;0.03;
0.86;0.45;0.86;0.03;
0.86;0.45;0.86;0.03;
0.87;0.45;0.87;0.03;
0.87;0.45;0.87;0.04;
0.87;0.45;0.87;0.04;
0.87;0.45;0.87;0.04;
0.87;0.46;0.87;0.04;
0.87;0.46;0.87;0.04;
0.88;0.46;0.88;0.04;
0.88;0.46;0.88;0.05;
0.88;0.46;0.88;0.05;
0.88;0.46;0.88;0.05;
0.88;0.47;0.88;0.05;
0.88;0.47;0.88;0.05;
0.88;0.47;0.88;0.05;
0.89;0.47;0.89;0.05;
0.89;0.47;0.89;0.06;
0.89;0.47;0.89;0.06;
0.89;0.48;0.89;0.06;
0.89;0.48;0.89;0.06;
0.89;0.48;0.89;0.06;
0.90;0.48;0.90;0.06;
0.90;0.48;0.90;0.07;
0.90;0.48;0.90;0.07;
0.90;0.49;0.90;0.07;
0.90;0.49;0.90;0.07;
0.90;0.49;0.90;0.07;
0.91;0.49;0.91;0.08;
0.91;0.49;0.91;0.08;
0.91;0.49;0.91;0.08;
0.91;0.50;0.91;0.08;
0.91;0.50;0.91;0.08;
0.92;0.50;0.92;0.08;
0.92;0.50;0.92;0.09;
0.92;0.50;0.92;0.09;
0.92;0.50;0.92;0.09;
0.92;0.51;0.92;0.09;
0.92;0.51;0.92;0.09;
0.93;0.51;0.93;0.09;
0.93;0.51;0.93;0.09;
0.93;0.51;0.93;0.10;
0.93;0.51;0.93;0.10;
0.93;0.52;0.93;0.10;
0.93;0.52;0.93;0.10;
0.94;0.52;0.94;0.10;
0.94;0.52;0.94;0.10;
0.94;0.52;0.94;0.11;
0.94;0.52;0.94;0.11;
0.94;0.53;0.94;0.11;
0.94;0.53;0.94;0.11;
0.94;0.53;0.94;0.11;
0.95;0.53;0.95;0.12;
0.95;0.53;0.95;0.12;
0.95;0.53;0.95;0.12;
0.95;0.54;0.95;0.12;
0.95;0.54;0.95;0.12;
0.95;0.54;0.95;0.12;
0.96;0.54;0.96;0.12;
0.96;0.54;0.96;0.13;
0.96;0.54;0.96;0.13;
0.96;0.55;0.96;0.13;
0.96;0.55;0.96;0.13;
0.96;0.55;0.96;0.13;
0.97;0.55;0.97;0.14;
0.97;0.55;0.97;0.14;
0.97;0.55;0.97;0.14;
0.97;0.56;0.97;0.14;
0.97;0.56;0.97;0.14;
0.98;0.56;0.98;0.14;
0.98;0.56;0.98;0.14;
0.98;0.56;0.98;0.15;
0.98;0.56;0.98;0.15;
0.98;0.57;0.98;0.15;
0.98;0.57;0.98;0.15;
0.99;0.57;0.99;0.15;
0.99;0.57;0.99;0.16;
0.99;0.57;0.99;0.16;
0.99;0.57;0.99;0.16;
0.99;0.58;0.99;0.16;
0.99;0.58;0.99;0.16;
1.00;0.58;1.00;0.16;
1.00;0.58;1.00;0.17;
1.00;0.58;1.00;0.17;
1.00;0.58;1.00;0.17;
